system,threads,log_size,prover_time_ms,verifier_time_ms,native_prover_time_ms,native_verifier_time_ms
schnorr,1,0,0.806,0.509,0.414,0.634
sumcheck,1,3,0.531,0.287,0.317,0.231
sumcheck,1,4,0.164,0.127,0.092,0.110
sumcheck,1,5,0.168,0.126,0.099,0.109
sumcheck,1,6,0.166,0.131,0.106,0.106
sumcheck,1,7,0.196,0.128,0.127,0.109
sumcheck,1,8,0.254,0.133,0.192,0.118
sumcheck,1,9,0.360,0.136,0.262,0.134
sumcheck,1,10,0.517,0.154,0.418,0.144
sumcheck,1,11,0.846,0.173,0.683,0.152
sumcheck,1,12,1.581,0.183,1.275,0.168
sumcheck,1,13,2.874,0.193,2.322,0.184
sumcheck,1,14,5.356,0.212,4.557,0.194
sumcheck,1,15,10.884,0.232,8.427,0.210
sumcheck,1,16,21.348,0.248,17.410,0.215
sumcheck,1,17,42.132,0.265,34.449,0.239
sumcheck,1,18,86.781,0.279,68.391,0.243
sumcheck,1,19,175.029,0.313,136.380,0.280
sumcheck,1,20,351.297,0.310,272.992,0.273
ipa,1,1,0.465,0.923,1.224,0.871
ipa,1,2,1.520,1.671,2.847,1.646
ipa,1,3,3.022,3.227,5.398,3.257
ipa,1,4,7.449,6.626,10.670,6.459
ipa,1,5,12.355,11.235,16.253,10.760
ipa,1,6,22.133,20.858,29.646,22.135
ipa,1,7,44.342,41.685,55.233,42.392
ipa,1,8,89.282,83.975,103.785,82.177
ipa,1,9,172.002,167.625,199.322,170.694
ipa,1,10,334.546,325.203,390.526,326.320
ipa,1,11,670.983,647.080,771.133,693.638
ipa,1,12,1426.277,1373.318,1517.913,1367.381
ipa,1,13,2738.218,2623.893,2943.137,2636.949
ipa,1,14,5501.456,5327.338,5761.830,5224.091
kzg,1,1,0.444,2.028,0.467,1.916
kzg,1,2,0.455,2.226,0.685,1.959
kzg,1,3,0.581,1.987,0.884,1.810
kzg,1,4,0.734,1.880,1.265,1.836
kzg,1,5,1.037,1.881,2.038,1.805
kzg,1,6,1.648,1.887,3.369,1.799
kzg,1,7,2.460,1.881,5.372,1.814
kzg,1,8,4.145,1.887,9.061,1.810
kzg,1,9,7.060,1.902,15.775,1.812
kzg,1,10,11.643,1.869,26.842,1.807
kzg,1,11,21.482,1.934,48.839,1.803
kzg,1,12,38.378,1.880,87.324,1.866
kzg,1,13,70.407,1.940,160.184,1.831
kzg,1,14,128.711,1.880,297.865,1.865
kzg,1,15,246.258,2.011,544.268,1.824
kzg,1,16,452.987,1.927,1014.290,1.837
kzg,1,17,878.340,2.008,1929.371,1.862
kzg,1,18,1722.221,2.093,3745.251,1.874
kzg,1,19,3024.686,2.541,6561.236,1.847
kzg,1,20,5920.686,2.622,12926.908,1.890
schnorr,4,0,0.238,0.162,0.127,0.240
sumcheck,4,3,0.823,0.105,0.563,0.484
sumcheck,4,4,0.178,0.062,0.076,0.110
sumcheck,4,5,0.144,0.070,0.088,0.059
sumcheck,4,6,0.227,0.079,0.107,0.055
sumcheck,4,7,0.236,0.093,0.146,0.063
sumcheck,4,8,0.315,0.115,0.175,0.058
sumcheck,4,9,0.422,0.097,0.207,0.077
sumcheck,4,10,0.486,0.109,0.335,0.079
sumcheck,4,11,0.630,0.116,0.403,0.088
sumcheck,4,12,1.099,0.131,0.579,0.099
sumcheck,4,13,1.742,0.204,1.285,0.105
sumcheck,4,14,2.865,0.150,1.557,0.103
sumcheck,4,15,5.421,0.158,2.987,0.102
sumcheck,4,16,10.249,0.157,5.412,0.103
sumcheck,4,17,20.037,0.164,10.294,0.125
sumcheck,4,18,42.632,0.198,20.354,0.125
sumcheck,4,19,88.571,0.207,42.346,0.130
sumcheck,4,20,172.907,0.194,79.168,0.128
ipa,4,1,0.478,0.328,1.291,0.925
ipa,4,2,1.364,0.595,2.608,1.510
ipa,4,3,1.974,1.012,3.876,2.041
ipa,4,4,3.323,1.934,5.715,2.929
ipa,4,5,5.350,3.292,8.283,4.511
ipa,4,6,8.789,6.171,12.724,7.565
ipa,4,7,16.092,11.714,20.346,13.180
ipa,4,8,30.286,23.005,34.299,24.486
ipa,4,9,54.677,45.881,61.181,46.986
ipa,4,10,114.134,88.995,112.578,91.277
ipa,4,11,195.301,176.585,211.357,178.992
ipa,4,12,402.013,364.041,416.734,374.033
ipa,4,13,786.480,767.771,850.230,736.773
ipa,4,14,1515.580,1457.415,1626.085,1405.320
kzg,4,1,0.384,1.992,0.328,1.929
kzg,4,2,0.423,1.954,0.389,1.934
kzg,4,3,0.472,1.970,0.474,1.909
kzg,4,4,0.724,1.991,0.589,1.831
kzg,4,5,0.757,1.949,0.796,1.918
kzg,4,6,1.066,1.968,1.170,1.898
kzg,4,7,1.692,2.040,1.731,1.945
kzg,4,8,1.991,1.925,2.826,1.825
kzg,4,9,3.625,1.951,4.630,1.891
kzg,4,10,5.123,1.956,7.559,1.855
kzg,4,11,12.906,1.874,14.539,1.923
kzg,4,12,25.839,2.019,25.676,1.960
kzg,4,13,26.940,1.979,46.651,1.888
kzg,4,14,48.667,1.977,82.091,1.905
kzg,4,15,90.478,1.981,161.156,1.866
kzg,4,16,172.040,1.941,270.885,1.919
kzg,4,17,329.524,1.919,508.417,1.841
kzg,4,18,585.962,1.926,1029.423,1.999
kzg,4,19,1216.166,2.188,2060.749,1.842
kzg,4,20,2393.789,2.521,4072.913,1.835
pari,1,2,2.137,2.390,1.905,1.861
pari,1,3,1.341,1.754,1.893,1.471
pari,1,4,1.601,1.533,2.576,1.352
pari,1,5,2.501,1.543,3.701,1.398
pari,1,6,3.762,1.494,6.036,1.338
pari,1,7,5.565,1.506,9.415,1.403
pari,1,8,9.583,1.627,16.513,1.362
pari,1,9,16.267,1.565,27.876,1.336
pari,1,10,27.604,1.551,46.869,1.337
pari,1,11,51.082,1.566,86.892,1.414
pari,1,12,94.300,1.621,156.340,1.379
pari,1,13,174.718,1.613,286.085,1.390
pari,1,14,333.670,1.773,527.209,1.454
pari,1,15,625.367,1.567,983.953,1.389
pari,1,16,1207.026,1.684,2518.015,3.446
pari,1,17,2429.217,1.698,3715.928,1.475
pari,1,18,4796.420,1.927,6882.793,1.514
pari,1,19,9246.767,1.762,12410.360,1.490
pari,1,20,20267.423,2.688,26897.478,1.531
groth16,1,1,2.769,3.623,2.884,1.596
groth16,1,2,2.442,3.246,3.636,1.610
groth16,1,3,3.220,3.409,4.559,1.713
groth16,1,4,4.670,3.664,7.788,1.913
groth16,1,5,4.964,4.008,10.687,2.218
groth16,1,6,7.782,4.716,17.133,2.792
groth16,1,7,12.532,5.718,29.630,3.620
groth16,1,8,17.378,7.825,45.614,5.209
groth16,1,9,30.950,11.601,80.473,8.069
groth16,1,10,56.707,18.079,145.566,12.667
groth16,1,11,94.960,31.433,247.869,22.133
groth16,1,12,183.077,56.025,459.357,39.496
groth16,1,13,349.265,102.787,1021.555,102.895
groth16,1,14,689.749,197.921,1584.346,124.725
pari,4,2,1.457,1.440,1.202,1.378
pari,4,3,1.311,1.438,1.333,1.359
pari,4,4,1.470,1.399,1.692,1.435
pari,4,5,1.755,1.421,2.121,1.396
pari,4,6,2.281,1.377,3.097,1.368
pari,4,7,4.078,1.445,4.349,1.417
pari,4,8,5.188,1.473,6.323,1.399
pari,4,9,12.739,1.438,11.420,1.452
pari,4,10,15.792,1.472,17.357,1.448
pari,4,11,22.074,1.458,27.963,1.540
pari,4,12,43.823,1.507,49.939,1.431
pari,4,13,63.740,1.408,86.448,1.365
pari,4,14,122.019,1.460,177.530,1.485
pari,4,15,261.887,1.419,288.072,1.373
pari,4,16,431.943,1.421,578.302,1.449
pari,4,17,798.688,1.401,1003.863,1.449
pari,4,18,1733.431,1.464,1955.420,1.396
pari,4,19,3734.833,1.451,3939.726,1.434
pari,4,20,7420.887,2.501,7542.377,2.648
groth16,4,1,2.285,3.414,2.700,1.530
groth16,4,2,2.472,3.225,2.751,1.555
groth16,4,3,2.768,3.229,2.959,1.582
groth16,4,4,2.493,3.295,3.742,1.617
groth16,4,5,3.812,3.493,5.468,1.746
groth16,4,6,5.344,3.855,7.435,1.926
groth16,4,7,8.070,4.395,11.746,2.252
groth16,4,8,17.129,5.276,19.252,2.643
groth16,4,9,25.600,7.071,30.185,3.507
groth16,4,10,39.779,10.283,50.752,4.980
groth16,4,11,68.985,16.912,98.231,7.542
groth16,4,12,111.461,28.663,150.919,12.558
groth16,4,13,233.992,51.962,276.333,21.056
groth16,4,14,448.390,99.248,514.512,37.941
