system,baseline,threads,log_size,zippel_prover_ms,zippel_verifier_ms,zippel_ncloc,baseline_prover_ms,baseline_verifier_ms,baseline_ncloc,compile_ms,prover_nodes,verifier_nodes
kzh,kzh,16,4,2.681,4.033,53,2.643,5.773,221,119.588,26,51
kzh,kzh,16,6,10.090,4.159,53,7.884,4.996,221,111.190,32,63
kzh,kzh,16,8,17.897,3.900,53,16.436,5.287,221,117.940,38,75
kzh,kzh,16,10,43.895,4.382,53,38.665,5.802,221,119.621,44,87
kzh,kzh,16,12,104.402,6.171,53,98.301,7.182,221,127.392,50,99
kzh,kzh,16,14,273.526,9.016,53,264.696,10.242,221,120.064,56,111
kzh,kzh,16,16,759.923,14.879,53,741.157,15.788,221,148.743,62,123
kzh,kzh,16,18,2218.110,25.260,53,2188.607,27.372,221,168.590,68,135
kzh,kzh,16,20,6654.311,44.251,53,6500.504,50.841,221,219.971,74,147
kzh,kzh,1,4,5.178,4.960,53,4.600,4.719,221,121.256,26,51
kzh,kzh,1,6,13.139,6.890,53,12.306,6.649,221,115.827,32,63
kzh,kzh,1,8,36.435,10.701,53,35.098,10.309,221,100.039,38,75
kzh,kzh,1,10,113.690,18.047,53,108.841,17.472,221,121.348,44,87
kzh,kzh,1,12,363.132,32.182,53,350.256,31.231,221,112.870,50,99
kzh,kzh,1,14,1176.157,58.432,53,1093.262,56.846,221,133.472,56,111
kzh,kzh,1,16,3938.731,111.992,53,3743.537,108.118,221,147.610,62,123
kzh,kzh,1,18,13875.109,215.698,53,13363.793,209.531,221,154.629,68,135
kzh,kzh,1,20,48182.653,416.972,53,45967.654,409.754,221,226.090,74,147
