system,baseline,threads,log_size,sample,zippel_prover_ms,zippel_verifier_ms,zippel_ncloc,baseline_prover_ms,baseline_verifier_ms,baseline_ncloc,compile_ms,prover_nodes,verifier_nodes,zippel_prover_peak_mib,zippel_verifier_peak_mib,baseline_prover_peak_mib,baseline_verifier_peak_mib
spartan,spartan,1,18,0,5164.574,701.647,413,1889.201,486.213,1867,10457.739,1936,1273,268.806,129.037,84.026,16.001
spartan,spartan,1,18,1,5031.967,678.929,413,1758.417,478.097,1867,10476.011,1936,1273,269.017,12.261,84.026,16.001
spartan,spartan,1,18,2,5043.597,682.640,413,1751.629,480.940,1867,10533.037,1936,1273,268.859,129.041,84.026,16.001
spartan,spartan,1,18,3,5047.706,682.393,413,1746.138,479.587,1867,10530.281,1936,1273,268.805,124.894,84.026,16.001
spartan,spartan,1,18,4,5048.842,685.440,413,1746.538,480.675,1867,10536.299,1936,1273,268.926,129.040,84.026,16.001
spartan,spartan,1,18,5,5038.292,669.289,413,1750.504,479.485,1867,10504.979,1936,1273,268.781,128.829,84.026,16.001
spartan,spartan,1,18,6,5047.152,684.573,413,1757.587,479.466,1867,10549.822,1936,1273,268.850,128.702,84.026,16.001
spartan,spartan,1,18,7,4997.176,676.032,413,1758.797,479.458,1867,10561.113,1936,1273,269.041,129.045,84.026,16.001
spartan,spartan,1,18,8,5033.112,678.898,413,1755.163,479.527,1867,10534.837,1936,1273,268.854,129.035,84.026,16.001
spartan,spartan,1,18,9,4961.102,687.225,413,1759.040,478.874,1867,10558.553,1936,1273,269.010,128.842,84.026,16.001
spartan,ark-spartan,1,18,0,5164.574,701.647,413,4430.950,562.958,2037,10457.739,1936,1273,268.806,129.037,83.960,63.995
spartan,ark-spartan,1,18,1,5031.967,678.929,413,4442.252,560.520,2037,10476.011,1936,1273,269.017,12.261,84.100,63.995
spartan,ark-spartan,1,18,2,5043.597,682.640,413,4424.497,563.336,2037,10533.037,1936,1273,268.859,129.041,84.090,63.995
spartan,ark-spartan,1,18,3,5047.706,682.393,413,4429.109,563.804,2037,10530.281,1936,1273,268.805,124.894,83.992,63.995
spartan,ark-spartan,1,18,4,5048.842,685.440,413,4429.746,560.943,2037,10536.299,1936,1273,268.926,129.040,84.107,63.995
spartan,ark-spartan,1,18,5,5038.292,669.289,413,4423.432,562.038,2037,10504.979,1936,1273,268.781,128.829,84.127,63.995
spartan,ark-spartan,1,18,6,5047.152,684.573,413,4424.427,563.772,2037,10549.822,1936,1273,268.850,128.702,84.121,63.995
spartan,ark-spartan,1,18,7,4997.176,676.032,413,4425.940,561.936,2037,10561.113,1936,1273,269.041,129.045,84.116,63.995
spartan,ark-spartan,1,18,8,5033.112,678.898,413,4429.984,561.427,2037,10534.837,1936,1273,268.854,129.035,83.974,63.995
spartan,ark-spartan,1,18,9,4961.102,687.225,413,4420.918,562.872,2037,10558.553,1936,1273,269.010,128.842,84.104,63.995
spartan,spartan,2,18,0,2903.431,395.747,413,1321.948,480.374,1867,10457.692,1936,1273,269.065,134.847,84.026,16.001
spartan,spartan,2,18,1,2790.042,398.689,413,1147.085,473.878,1867,10522.772,1936,1273,268.926,134.905,84.026,16.001
spartan,spartan,2,18,2,2653.793,381.515,413,1156.178,476.603,1867,10524.941,1936,1273,269.123,138.849,84.026,16.001
spartan,spartan,2,18,3,2678.442,379.754,413,1146.863,475.241,1867,10571.292,1936,1273,269.166,134.843,84.026,16.001
spartan,spartan,2,18,4,2685.401,401.008,413,1144.493,474.647,1867,10526.667,1936,1273,269.052,138.850,84.026,16.001
spartan,spartan,2,18,5,2666.660,406.732,413,1145.281,474.743,1867,10530.706,1936,1273,269.119,134.760,84.026,16.001
spartan,spartan,2,18,6,2662.156,378.225,413,1147.790,477.909,1867,10551.345,1936,1273,269.017,138.854,84.026,16.001
spartan,spartan,2,18,7,2700.815,407.633,413,1146.295,474.521,1867,10554.247,1936,1273,269.053,134.714,84.026,16.001
spartan,spartan,2,18,8,2695.504,359.654,413,1144.820,475.676,1867,10496.161,1936,1273,268.984,138.724,84.026,16.001
spartan,spartan,2,18,9,2746.321,393.086,413,1147.434,474.477,1867,10583.409,1936,1273,268.864,134.710,84.026,16.001
spartan,ark-spartan,2,18,0,2903.431,395.747,413,2765.741,541.093,2037,10457.692,1936,1273,269.065,134.847,83.973,64.000
spartan,ark-spartan,2,18,1,2790.042,398.689,413,2772.576,533.548,2037,10522.772,1936,1273,268.926,134.905,84.049,64.000
spartan,ark-spartan,2,18,2,2653.793,381.515,413,2771.804,570.190,2037,10524.941,1936,1273,269.123,138.849,83.995,64.000
spartan,ark-spartan,2,18,3,2678.442,379.754,413,2770.880,545.948,2037,10571.292,1936,1273,269.166,134.843,84.039,64.000
spartan,ark-spartan,2,18,4,2685.401,401.008,413,2758.806,530.231,2037,10526.667,1936,1273,269.052,138.850,84.147,63.996
spartan,ark-spartan,2,18,5,2666.660,406.732,413,2730.175,526.524,2037,10530.706,1936,1273,269.119,134.760,83.943,64.000
spartan,ark-spartan,2,18,6,2662.156,378.225,413,2747.421,528.513,2037,10551.345,1936,1273,269.017,138.854,84.027,64.000
spartan,ark-spartan,2,18,7,2700.815,407.633,413,2753.250,538.116,2037,10554.247,1936,1273,269.053,134.714,83.936,63.992
spartan,ark-spartan,2,18,8,2695.504,359.654,413,2757.699,538.400,2037,10496.161,1936,1273,268.984,138.724,84.065,64.000
spartan,ark-spartan,2,18,9,2746.321,393.086,413,2751.079,530.630,2037,10583.409,1936,1273,268.864,134.710,84.045,64.000
spartan,spartan,4,18,0,1994.569,276.783,413,1070.308,479.965,1867,10474.360,1936,1273,269.135,128.895,84.026,16.001
spartan,spartan,4,18,1,1767.205,260.578,413,906.457,474.867,1867,10589.367,1936,1273,269.266,129.008,84.026,16.001
spartan,spartan,4,18,2,1760.049,258.218,413,913.395,476.471,1867,10571.250,1936,1273,268.958,154.715,84.026,16.001
spartan,spartan,4,18,3,1790.849,270.742,413,913.282,474.290,1867,10602.862,1936,1273,269.254,137.029,84.026,16.001
spartan,spartan,4,18,4,1781.307,274.133,413,923.554,474.289,1867,10588.801,1936,1273,269.061,128.885,84.026,16.001
spartan,spartan,4,18,5,1826.985,255.819,413,912.535,474.018,1867,10581.818,1936,1273,269.255,128.894,84.026,16.001
spartan,spartan,4,18,6,1761.026,285.487,413,896.674,504.256,1867,10625.823,1936,1273,269.012,129.027,84.026,16.001
spartan,spartan,4,18,7,1775.298,260.110,413,900.672,474.286,1867,10602.978,1936,1273,269.216,154.714,84.026,16.001
spartan,spartan,4,18,8,1781.507,265.702,413,915.945,473.185,1867,10613.301,1936,1273,269.175,128.896,84.026,16.001
spartan,spartan,4,18,9,1778.721,282.248,413,899.063,474.922,1867,10532.099,1936,1273,269.049,128.887,84.026,16.001
spartan,ark-spartan,4,18,0,1994.569,276.783,413,2321.137,543.307,2037,10474.360,1936,1273,269.135,128.895,84.175,64.000
spartan,ark-spartan,4,18,1,1767.205,260.578,413,2287.535,544.268,2037,10589.367,1936,1273,269.266,129.008,83.990,63.994
spartan,ark-spartan,4,18,2,1760.049,258.218,413,2293.409,543.201,2037,10571.250,1936,1273,268.958,154.715,83.901,64.000
spartan,ark-spartan,4,18,3,1790.849,270.742,413,2291.347,542.053,2037,10602.862,1936,1273,269.254,137.029,84.172,64.000
spartan,ark-spartan,4,18,4,1781.307,274.133,413,2275.241,541.026,2037,10588.801,1936,1273,269.061,128.885,84.069,63.868
spartan,ark-spartan,4,18,5,1826.985,255.819,413,2288.167,540.328,2037,10581.818,1936,1273,269.255,128.894,83.933,64.002
spartan,ark-spartan,4,18,6,1761.026,285.487,413,2270.394,541.588,2037,10625.823,1936,1273,269.012,129.027,83.874,64.000
spartan,ark-spartan,4,18,7,1775.298,260.110,413,2294.594,540.212,2037,10602.978,1936,1273,269.216,154.714,84.063,64.000
spartan,ark-spartan,4,18,8,1781.507,265.702,413,2263.338,540.567,2037,10613.301,1936,1273,269.175,128.896,84.030,63.867
spartan,ark-spartan,4,18,9,1778.721,282.248,413,2297.949,545.231,2037,10532.099,1936,1273,269.049,128.887,84.039,64.000
spartan,spartan,8,18,0,1721.638,263.581,413,961.529,480.709,1867,10451.434,1936,1273,279.169,167.080,84.026,16.001
spartan,spartan,8,18,1,1466.874,254.364,413,786.129,474.657,1867,10539.959,1936,1273,278.885,158.938,84.026,16.001
spartan,spartan,8,18,2,1369.331,246.598,413,775.001,474.155,1867,10585.265,1936,1273,278.714,159.035,84.026,16.001
spartan,spartan,8,18,3,1324.025,320.298,413,773.698,474.496,1867,10593.659,1936,1273,278.702,166.956,84.026,16.001
spartan,spartan,8,18,4,1311.095,287.546,413,774.719,476.131,1867,10555.526,1936,1273,278.364,158.937,84.026,16.001
spartan,spartan,8,18,5,1358.128,323.010,413,783.316,474.124,1867,10588.207,1936,1273,278.444,163.074,84.026,16.001
spartan,spartan,8,18,6,1347.483,319.606,413,779.394,476.218,1867,10596.115,1936,1273,278.927,162.947,84.026,16.001
spartan,spartan,8,18,7,1352.331,346.021,413,778.823,476.900,1867,10619.120,1936,1273,278.740,158.818,84.026,16.001
spartan,spartan,8,18,8,1364.803,348.344,413,772.491,476.865,1867,10617.420,1936,1273,278.685,166.960,84.026,16.001
spartan,spartan,8,18,9,1347.405,318.087,413,773.697,474.155,1867,10605.498,1936,1273,278.656,158.951,84.026,16.001
spartan,ark-spartan,8,18,0,1721.638,263.581,413,1865.443,548.169,2037,10451.434,1936,1273,279.169,167.080,84.210,64.000
spartan,ark-spartan,8,18,1,1466.874,254.364,413,1891.644,544.889,2037,10539.959,1936,1273,278.885,158.938,84.246,64.000
spartan,ark-spartan,8,18,2,1369.331,246.598,413,1897.915,549.096,2037,10585.265,1936,1273,278.714,159.035,84.052,64.000
spartan,ark-spartan,8,18,3,1324.025,320.298,413,1895.019,546.770,2037,10593.659,1936,1273,278.702,166.956,83.943,64.000
spartan,ark-spartan,8,18,4,1311.095,287.546,413,1889.610,550.151,2037,10555.526,1936,1273,278.364,158.937,84.070,64.000
spartan,ark-spartan,8,18,5,1358.128,323.010,413,1897.984,547.062,2037,10588.207,1936,1273,278.444,163.074,84.092,64.000
spartan,ark-spartan,8,18,6,1347.483,319.606,413,1890.706,546.591,2037,10596.115,1936,1273,278.927,162.947,84.286,64.000
spartan,ark-spartan,8,18,7,1352.331,346.021,413,1908.298,548.451,2037,10619.120,1936,1273,278.740,158.818,84.015,64.000
spartan,ark-spartan,8,18,8,1364.803,348.344,413,1892.738,548.037,2037,10617.420,1936,1273,278.685,166.960,84.129,64.000
spartan,ark-spartan,8,18,9,1347.405,318.087,413,1883.356,543.620,2037,10605.498,1936,1273,278.656,158.951,84.261,64.000
